NASDAQ Salmon Index (salesprice) History,,,,,,,,,,,,,,,,,,,,,,,,,,,,,,
,,,,,,,,,,,,,,,,,,,,,,,,,,,,,,
,,,,,,,,,,,,,,,,,,,,,,,,,,,,,,
,,,,,,,,,,,,,,,,,,,,,,,,,,,,,,
,,Price (NOK/kg),,,,,,,,,Distribution %,,,,,,,,,Total NASDAQ Volume,Average Price,Standard Deviation,,,,,,,,
Year,Week,1-2,2-3,3-4,4-5,5-6,6-7,7-8,8-9,9+,1-2,2-3,3-4,4-5,5-6,6-7,7-8,8-9,9+,,,1-2,2-3,3-4,4-5,5-6,6-7,7-8,8-9,9+
2013,14,32.35,35.82,39.7,40.53,40.85,41.32,41.6,41.79,41.79,0.42,7.24,20.94,27.86,27.37,11.72,3.37,0.88,0.2,3831.66,40.21,1.07,0.77,0.57,0.53,0.5,0.33,0.39,0.36,0.12
2013,15,33.54,38.22,41.75,42.91,43.17,43.74,43.89,44.21,44.56,0.45,6.61,19.18,30.36,25.89,11.5,4.1,1.36,0.55,4926.71,42.56,1.27,0.35,0.45,0.34,0.67,0.7,0.51,0.43,0.75
2013,16,35.94,39.05,42.73,43.94,44.74,45.36,45.77,46.07,45.23,0.43,7.49,21.81,30.26,26.59,10.17,2.54,0.56,0.14,5069.71,43.69,1.27,0.45,0.58,0.69,0.45,0.69,0.64,0.74,0.59
2013,17,35.21,38.66,42.54,43.54,44.23,44.97,45.01,43.82,43.33,1.91,9.51,19.8,30.2,24.24,10.33,2.79,0.92,0.28,5299.64,43.08,1.43,0.44,0.37,0.29,0.48,0.6,0.3,1.03,2.05
2013,18,33.7,37.64,41.52,42.76,43.34,43.84,43.85,44.42,44.45,0.63,7.79,20.7,28.99,27.14,10.94,2.9,0.78,0.12,4649.51,42.37,1.35,0.47,0.37,0.34,0.34,0.72,0.91,0.49,0.25
2013,19,27.67,37.31,41.17,42.74,43.72,44.21,44.59,44.54,44.98,0.92,9.32,23.01,27.82,23.17,10.96,3.73,0.85,0.23,5787.84,42.21,5.4,0.66,0.32,0.33,0.44,0.55,0.34,0.42,1.12
2013,20,34.38,38.19,42.18,43.83,44.87,45.46,45.51,45.34,45.35,0.47,6.78,20.18,27.19,25.29,13.13,5.01,1.52,0.43,5218.46,43.66,1.01,0.4,0.45,0.41,0.43,0.48,0.42,0.45,0.73
2013,21,31.81,38.48,43.31,44.58,44.97,45.08,45.59,44.46,44.84,0.46,7.79,22.36,28.33,23.11,11.68,4.47,1.44,0.37,5621.75,43.95,1.93,0.47,0.34,0.69,0.74,0.9,0.96,0.79,1.11
2013,22,32.21,35.89,40.39,41.56,42.02,42.11,42.1,41.67,41.82,0.37,6.83,21.37,26.98,22.24,13.91,6.04,1.85,0.39,6015.5,41.1,2.06,0.68,0.5,0.78,0.82,0.53,0.62,0.66,1.13
2013,23,25.95,34.83,39.29,40.71,41.24,41.23,41.13,40.91,41.04,0.95,7.81,19.16,26.81,22.79,14.24,6.08,1.64,0.52,5561.48,40.06,3.9,0.65,0.4,0.46,0.41,0.55,0.76,0.6,1.43
2013,24,30.07,34.89,38.68,39.8,40.44,40.84,40.62,40.22,39.81,0.82,7.22,21.4,25.33,22.16,12.91,6.49,2.42,1.24,5525.15,39.47,0.77,0.76,0.23,0.39,0.39,0.44,0.56,0.21,0.43
2013,25,32.59,36.43,40.77,42.28,42.97,43.4,43.43,42.9,42.46,1.03,8.92,19.14,22.16,19.8,14.33,7.67,4.54,2.41,5126.2,41.79,1.18,0.53,0.6,0.52,0.54,0.37,0.27,0.39,0.56
2013,26,32.53,38.9,44.32,46.13,47.27,48.03,47.84,47.43,46.31,1.33,11.06,20.04,23,18.95,12.94,7.73,3.24,1.7,5767.59,45.43,2.63,0.6,1,0.64,0.67,0.55,0.59,0.6,0.81
2013,27,28.31,38.84,44.02,46.21,48.07,48.67,48.69,48.43,47.88,1.52,12.34,26.99,25.43,17.34,8.52,4.65,2.22,0.99,6307.65,45.15,2.83,0.51,0.63,1,0.72,0.78,0.78,0.69,0.85
2013,28,30.42,36.42,42.36,46.49,48.53,49.54,49.52,49.53,49.98,0.87,15.92,29.3,25.77,17.23,6.21,3.02,1.09,0.57,5656.99,44.22,2.75,0.8,0.43,1.05,0.71,0.84,0.64,0.6,0.46
2013,29,30.27,37.26,43.42,46.83,50.43,52.26,52.58,53.23,53.01,0.74,14.57,32.19,31.89,15.66,3.4,1.09,0.38,0.08,5091.07,45.06,2.21,0.51,0.32,0.64,0.97,0.97,1.04,1.31,1.51
2013,30,28.13,34.86,39.64,43.75,49.5,51.97,52.38,52.73,53.03,1.05,14.81,37.05,29.66,11.99,3.55,0.9,0.47,0.53,5189.37,41.9,1.25,0.91,1.42,0.67,1.41,0.74,0.85,0.63,0.31
2013,31,27.56,31.56,36,40.11,47.84,52.28,52.79,52.5,52.54,0.69,15.56,35.54,31.53,9.95,3.93,1.74,0.87,0.19,4863.36,38.83,1.79,0.85,0.84,1.69,1.25,1.12,0.87,0.81,0.56
2013,32,27.97,32.04,35.94,40.19,49.33,53.15,53.81,53.84,53.41,1.36,17.97,38.25,30.77,9.04,2.07,0.39,0.11,0.04,4912.79,38.1,2.21,0.91,1.27,0.89,0.98,0.63,0.64,0.82,0.64
2013,33,31.89,34.85,38.79,44.01,53.18,55.76,55.89,55.89,56.26,0.59,11.67,35.78,35.36,13.88,2.19,0.47,0.06,0.01,4455.54,42.6,1.77,0.55,0.56,0.73,0.82,1.16,0.69,1.13,0.28
2013,34,33.45,35.61,39.2,43.14,48.99,55.95,55.97,53.15,,0.62,12.02,35.26,34.5,14.55,2.55,0.48,0.02,,5588.89,42.03,2.09,0.85,1.26,1.16,1.78,1.22,1.6,4.5,
2013,35,29.21,32.52,35.91,38.4,41.8,47.87,48.98,49.07,49.76,0.59,8.6,34.87,37.18,14.82,3.19,0.64,0.11,0.01,6224.27,37.86,1.5,0.45,0.55,0.98,1.75,1.1,1.4,0.78,0.93
2013,36,27.73,31.6,34.14,36.15,38.76,44.21,43.46,43.96,43.74,0.5,6,28.24,37.09,21.37,5.29,1.24,0.21,0.06,6408.1,36.36,0.88,0.79,0.76,1.1,1.84,1.69,1.83,2.6,5.52
2013,37,25.73,28.36,30.78,32,32.83,37.64,38.19,38.96,39.52,0.63,7.65,29.54,30.43,22.81,7.37,1.31,0.17,0.07,6876.71,32.03,1.41,1.33,1.39,0.9,0.95,1.77,1.79,1.62,0.83
2013,38,22.2,24.42,27.69,28.58,29.6,33.22,33.28,33.96,35.12,0.27,5.57,24.39,40.13,23.43,5.35,0.71,0.1,0.04,7014.7,28.64,1.33,1.4,1.18,1.08,0.98,1.74,1.27,0.71,1.7
2013,39,25.09,28.05,31.22,32.62,34.03,39.02,39.47,38.96,41.85,0.36,6.14,25.41,41.14,22,4.25,0.66,0.04,0,6511.88,32.59,1.23,0.43,0.92,0.47,0.58,1.17,1.13,0.77,0
2013,40,27.9,31.17,34.21,35.33,36.58,41.44,43.3,43.28,43.64,0.3,4.52,21.83,39.31,24.98,6.23,2.31,0.46,0.06,6529.86,35.79,0.95,0.54,0.5,0.36,0.54,1.55,1.01,0.92,1.67
2013,41,27.79,30.82,33.83,34.85,35.88,38.96,39.28,39.37,40.33,0.37,6.86,25.68,32.39,23.12,8.18,2.81,0.53,0.06,6441.51,35.01,1.3,0.59,0.51,0.44,0.29,0.4,0.56,0.85,1.1
2013,42,30.16,34.57,37.55,38.58,39.18,39.92,41.17,41.46,42.51,0.44,4.92,20.24,34.45,27.06,10.57,2.06,0.26,0.01,6623.76,38.5,0.8,0.68,0.38,0.32,0.4,1.01,1.04,1.18,0.96
2013,43,30.22,34.8,38,38.8,39.09,39.19,39.67,39.84,39.12,0.24,4.87,20.52,35.45,26.82,9.86,1.95,0.28,0.01,7162.3,38.56,1.23,1.24,0.32,0.32,0.33,0.39,0.65,0.51,0.63
2013,44,33.57,36.28,38.99,39.84,40.28,40.42,40.71,40.82,41.1,0.13,3.5,18.84,36.43,28.05,9.54,2.86,0.56,0.09,7652.13,39.76,1.42,0.95,0.49,0.41,0.21,0.2,0.22,0.65,0.55
2013,45,33.25,34.65,37.91,38.64,38.74,38.89,39.67,38.84,39.34,0.37,4.55,22.11,31.07,26.86,10.45,3.81,0.67,0.1,6137.42,38.37,1.15,2.25,0.32,0.37,0.66,0.46,0.4,0.86,0.55
2013,46,32.29,35.06,37.46,37.81,37.87,37.83,38.17,38.05,38.03,0.2,4.6,24.08,28.26,23.61,13.5,4.56,1.07,0.12,6097.31,37.62,4.03,1.17,0.43,0.3,0.29,0.58,0.58,0.55,0.53
2013,47,33.67,36.42,39.24,39.98,40.23,40.15,40.51,39.95,40.58,0.62,7.06,22.28,28.97,24.69,11.09,4.03,1.12,0.14,6065.95,39.63,1.12,0.62,0.49,0.3,0.27,0.13,0.21,1.07,0.13
2013,48,33.95,37.22,40.42,40.93,40.95,41.13,41.42,41.31,41.73,0.5,8.45,21.01,26.36,20.04,14.97,6.75,1.58,0.34,6012.8,40.55,1.22,0.51,0.69,0.53,0.36,0.44,0.77,0.59,1.14
2013,49,38.99,43.79,47.27,48.18,48.16,48.2,48.5,48.7,47.69,0.39,5.88,25.18,26.18,19.19,14.03,6.89,1.95,0.31,7699.37,47.69,0.8,0.89,0.81,0.6,0.78,1.18,0.89,0.78,0.61
2013,50,42.29,46.99,50.47,51.61,52.08,52.14,51.78,50.98,48.9,0.34,5.26,24.87,29.82,19.3,12.8,5.49,1.53,0.59,8874.16,51.2,2.41,0.52,1.04,0.64,0.82,0.33,0.47,0.73,1.76
2013,51,38.1,45.92,49.26,49.83,50.53,50.61,50.59,50.8,49.04,0.36,7.85,24.98,26.58,18.53,14.13,5.44,1.79,0.35,7891.81,49.64,2.65,0.82,0.53,0.76,0.25,0.26,0.35,0.23,0.29
2013,52,42.28,49.6,52.83,53.83,55.17,55.47,54.64,54.06,53.96,0.25,6.79,19.68,25.57,22.93,14.93,5.95,2.97,0.93,1664.41,53.92,3.92,0.51,1.01,0.81,1.05,0.63,1.79,2.1,1.48
2014,1,42.2,48.1,52.21,53.2,53.46,53.34,53.31,53.4,53.59,0.65,6.46,20.82,26.04,25.04,11.22,6,2.77,0.99,2218.2,52.69,1.06,1.47,0.67,0.7,0.84,0.36,0.35,0.23,0.27
2014,2,39.9,45.65,49.08,50.17,50.27,50.66,50.53,50.21,50.11,0.48,7.73,24.66,30.9,21.48,8.91,3.79,1.34,0.7,5029.87,49.58,3.27,0.91,0.55,0.48,0.49,0.74,0.9,0.59,0.44
2014,3,39.23,45.63,49.19,49.83,50.72,52.3,52.4,52.36,52.38,0.46,6.44,19.25,31.3,28.73,10.19,3.04,0.49,0.09,4483.25,49.99,1.82,0.48,0.54,0.47,0.52,0.43,0.73,1.19,0.92
2014,4,38.58,45.57,49.37,51,52.15,52.68,53.54,53,53.18,1.22,11.85,20.54,28.17,23.25,9.2,4.22,1.24,0.31,4539.71,50.43,1.13,0.52,0.48,0.6,0.66,1.97,2.01,2.95,3.73
2014,5,36.53,43.75,47.07,48.33,48.88,50.13,50.4,50.77,50.14,1.6,13.57,24.22,28.99,20.08,7.96,2.72,0.7,0.15,4699.47,47.54,2.29,0.99,1.94,0.7,1.11,1.54,1.68,1.25,1.85
2014,6,34.85,41.94,45.15,46.21,47.19,49.24,49.51,49.27,49.18,0.52,6.68,22.58,28.06,24.36,10.28,4.8,1.78,0.93,3855.52,46.42,4.49,0.35,0.88,0.78,0.39,0.8,0.88,0.68,1.12
2014,7,40.29,44.89,48.86,49.78,50.6,51.22,51.65,51.41,50.96,0.75,7.23,23.79,27,22.78,10.7,5.28,1.9,0.57,4023.6,49.61,3.57,0.78,0.74,0.53,0.47,0.74,0.97,1.11,2.1
2014,8,40.26,45.48,48.68,49.89,50.27,50.42,51.02,51,50.69,1.3,8.45,23.01,28.29,24.56,10.53,2.85,0.84,0.18,4748.81,49.31,2.8,0.56,0.5,0.34,0.3,0.68,0.82,0.72,0.65
2014,9,37.74,43.32,46.69,47.38,47.47,47.58,47.21,46.7,47.58,1.3,6.21,22.69,31.38,25.73,9.58,2.45,0.55,0.11,5850.94,46.88,1.41,0.67,0.57,0.64,0.36,0.33,0.63,0.92,0.74
2014,10,35.06,40.46,44.17,44.42,44.63,44.75,44.79,44.56,44.43,1.09,10.08,20.78,28.85,26.9,9.04,2.49,0.63,0.16,5421.07,43.96,1.44,0.58,1.1,0.54,0.46,0.35,0.44,0.83,1.41
2014,11,34.66,40.18,44.19,44.71,44.63,44.68,44.33,44.84,44.4,0.84,9.03,22.43,27.52,24.75,10.81,3.61,0.73,0.27,5826.2,44.06,2.22,0.94,0.63,0.43,0.27,0.3,0.66,0.7,0.31
2014,12,33.67,40.16,44.23,44.6,44.77,44.47,44.02,43.92,43.23,0.93,7.36,19.37,26.24,26.94,13.15,4.7,1.18,0.12,5772.28,44.09,1.85,0.81,0.9,0.36,0.31,0.41,0.57,0.53,1.48
2014,13,35.59,40.3,44.17,44.58,44.68,44.16,44.16,42.69,42.71,0.73,7.61,19.13,25.5,24.34,14.21,6.26,1.88,0.34,5606.62,44.01,2.26,1.02,0.7,0.49,0.38,0.69,0.78,0.72,0.98
2014,14,34,40.33,43.89,44.03,44.09,43.5,43.35,42.45,44.58,0.93,5.73,22.17,27.21,24.98,12.72,4.73,1.35,0.19,6782.69,43.59,1.94,0.52,0.59,0.26,0.32,0.47,0.48,0.45,1.38
2014,15,35.76,41.13,44.68,45.13,45.02,44.34,44.33,44,43.06,0.6,5.43,21.51,27.66,24.19,14.28,5.04,1.09,0.21,7285.52,44.57,1.69,0.62,1.05,0.66,0.45,0.4,0.39,0.41,1.39
2014,16,37,42.77,47.89,48.85,48.88,49.05,48.66,48.13,45.03,0.71,8.3,18.25,27.23,26.54,11.96,5.21,1.57,0.22,3757.45,48.09,1.49,2.28,1.65,1.1,1.05,1.36,1.99,2.72,2.28
2014,17,36.96,43.52,47.49,47.3,47.57,47.4,46.4,46.07,45.82,0.42,6.64,21.84,26.5,25.76,10.6,5.9,1.63,0.71,4746.47,47.04,2.2,0.45,0.93,0.51,0.36,0.84,1.21,1.46,1.14
2014,18,36.16,41.09,45.14,45.03,44.95,44.64,44.67,43.25,43.83,0.5,8.85,21.05,25.43,23.41,12.73,5.74,2.02,0.27,4737.71,44.53,2.34,1.42,1.66,2.13,1.44,0.78,0.83,1.42,1.79
2014,19,34.1,37.71,41.4,41.34,41.39,41.32,40.65,40.24,40.02,0.39,7.96,20.22,25.79,23.19,13.8,6.12,2.1,0.43,4963.76,40.98,1.97,1.16,0.91,0.49,0.54,0.92,1.29,1.14,1.58
2014,20,31.55,36.35,39.53,39.79,39.73,39.55,39.13,38.78,39.09,0.45,9.84,21.31,26.32,22.77,11.83,5.37,1.7,0.41,5231.11,39.26,2.18,0.91,0.61,0.5,0.42,0.44,0.52,0.71,1.1
2014,21,28.63,33.84,39.2,39.48,39.58,39.11,38.37,38.16,38.08,1.54,13.37,22.69,23.96,19.51,11.5,5.42,1.67,0.33,5793.83,38.38,1.65,1.01,0.53,0.36,0.33,0.22,0.48,0.55,1.41
2014,22,27.2,32.86,38.7,39.28,39.09,38.08,37.64,36.08,34.32,2.59,14.91,21.67,20.44,17.49,13,6.65,2.54,0.71,5648.09,37.47,1.06,1.19,0.63,0.33,0.21,0.41,0.52,0.96,2.33
2014,23,27.84,31.65,37.18,37.81,37.81,36.58,35.49,34.38,32.95,1.06,10.38,22.65,21.49,18.88,13.36,7.61,3.25,1.31,6913.72,36.41,0.46,0.69,0.59,0.38,0.34,0.43,0.55,0.64,1.8
2014,24,28.45,32.17,36.5,36.89,36.88,35.49,34.68,34.18,33.24,0.65,7.09,19.64,20.66,18.99,15.77,10.88,4.84,1.48,5840.48,35.78,1.42,0.57,0.83,0.35,0.26,0.62,0.77,0.65,0.47
2014,25,27.74,31.84,35.52,35.92,35.64,35.34,34.22,33.3,32.99,0.66,7.27,22.23,25.7,20.85,13.35,6.78,2.54,0.61,6828.61,35.14,1.83,0.32,0.94,0.86,1.02,0.53,0.72,0.99,0.87
2014,26,26.37,29.21,32.47,33.05,32.95,32.61,33.04,32.68,32.66,0.25,6.53,23.34,26.47,23.11,12.53,5.16,2.06,0.55,6235.14,32.56,1.52,0.75,0.56,0.49,0.26,0.34,0.37,0.82,0.25
2014,27,30.88,33.33,36.65,37.84,37.84,38.65,38.92,38.84,39.78,0.89,7.65,27.24,28.85,19.04,9.49,4.71,1.5,0.64,5374.31,37.26,1.29,0.69,0.83,0.76,0.6,0.71,0.68,0.43,0.55
2014,28,30.48,36.59,40.11,41.11,42.22,44.47,45.13,45.04,44.89,0.6,6.87,28.07,34.46,19.12,6.69,2.6,1.05,0.54,5614.31,41.06,1.78,0.78,0.63,0.46,0.68,0.92,1.11,1.33,1.85
2014,29,30.82,36.02,41.07,42.47,44.29,47.45,47.16,47.27,45.49,1.35,11.44,29.45,31.5,16.75,6.18,2.38,0.65,0.31,4944.25,41.93,0.75,0.57,0.55,0.43,0.69,0.34,0.63,0.36,3.58
2014,30,30.46,35.2,39.54,41.39,43.69,47.43,47.93,47.96,48.03,1.35,10,31.14,32.28,18.81,4.48,1.49,0.35,0.09,5245.57,40.88,1.99,1.11,1.45,0.86,0.97,1.39,2.39,2.34,1.13
2014,31,26.23,30.34,34.19,36.24,38.51,43.63,44.53,45.01,44.81,1.13,11.19,34.14,32.04,16.85,3.8,0.75,0.1,0.01,5263.45,35.5,1.44,0.72,1.41,0.94,0.78,0.97,1.19,0.93,0.54
2014,32,23.38,28.76,32.39,35.55,38.79,46.58,47.29,48.38,46.07,1.31,11.28,28.41,35.97,18.26,3.6,0.9,0.23,0.03,4782.46,34.85,2.08,0.87,0.85,0.61,1.08,1.53,1.21,0.9,0.4
2014,33,23.38,26.41,29.89,31.81,35.57,44.6,45.64,46.23,46.37,0.57,7.23,30.45,37.79,19.08,3.73,0.87,0.27,0.03,4805.33,32.14,2.1,0.74,0.59,0.53,1.06,1.72,1.14,0.94,1.46
2014,34,23.62,26.79,30,32.24,34.14,40.66,42.51,42.77,39.65,0.45,7.3,29.42,36.88,18.47,5.69,1.53,0.23,0.03,5033.48,32.16,1.77,0.38,0.96,0.62,0.51,1.55,1.68,0.78,1.36
2014,35,23.54,27.52,30.79,32.19,33.48,39.48,39.82,39.99,39.7,0.4,6.56,30.31,38.92,18.32,4.62,0.76,0.09,0.02,5817.61,32.06,1.35,0.58,0.62,0.44,0.24,0.85,1.46,1.25,1.51
2014,36,26.71,29.08,32.34,33.94,34.82,40.74,42.02,41.96,42.08,0.81,9.12,25.45,36.8,20.57,5.99,1.13,0.11,0.01,5295.79,33.72,1.54,0.74,0.73,0.76,0.53,1.12,0.82,0.5,2.63
2014,37,25.99,28.79,31.66,32.19,32.9,36.52,39.37,40.15,38.73,1.09,11.08,22.23,31.11,25.29,7.87,1.21,0.11,0.01,5291.24,32.25,1.12,0.78,0.93,1.01,0.59,1.96,1.22,1.02,1.26
2014,38,26.2,28.28,30.89,31.8,31.9,34.71,36.99,37.52,35.52,0.66,7.85,21.07,30.56,27.74,9.55,2.25,0.27,0.04,5315.42,31.73,1.68,1.35,0.68,0.44,0.34,0.82,0.63,1.03,0.73
2014,39,26.82,28.99,32.36,33.63,34,35.51,37.05,37.34,37.91,0.74,8.03,23.08,33.91,24.34,7.1,2.43,0.32,0.05,5825.01,33.23,1.15,0.8,0.62,0.79,0.45,0.45,1.01,0.63,0.87
2014,40,25,29.34,32.66,33.67,34.02,34.35,36.76,36.63,34.8,0.6,5.03,19.84,34.32,25.9,10.28,3.05,0.84,0.14,5018.56,33.48,2.85,1.01,0.73,0.77,0.52,0.92,0.79,0.75,1.77
2014,41,26.61,28.43,31.44,32.23,32.75,32.94,34.32,34.63,34.45,0.43,4.37,21.8,33.81,26.98,7.97,3.63,0.84,0.18,5829.36,32.16,1.1,0.6,0.2,0.27,0.42,0.69,1.17,0.99,0.54
2014,42,28.38,30.24,32.25,32.87,32.89,33.03,33.58,33.48,34.2,0.18,4.05,17.8,32.56,27.6,12.53,4.23,0.82,0.24,5813.4,32.71,0.75,0.72,0.5,0.37,0.44,0.25,0.63,0.74,0.89
2014,43,28.4,32.27,35.07,35.09,34.9,34.3,34.3,34.46,34.79,0.38,5.03,19.06,32.44,24.31,12.54,4.52,1.47,0.25,5499.71,34.73,2.56,1.13,0.57,0.62,0.56,0.4,0.64,0.69,0.72
2014,44,30.14,32.99,36.35,36.03,35.53,34.8,34.68,34.57,34.17,0.62,4.01,15.22,31.59,29.77,13.34,4,1.08,0.38,5044.1,35.53,2.1,0.82,0.45,0.34,0.46,0.34,0.26,0.27,0.68
2014,45,28.58,33.74,37.12,37.16,36.75,35.04,34.65,35.01,34.57,0.36,3.5,13.76,28.87,24.02,19.19,8.24,1.61,0.45,4986.07,36.25,2.11,0.44,0.28,0.52,0.6,0.57,0.69,0.44,0.78
2014,46,32.23,35.85,39.33,39.19,38.72,36.5,36.54,36.38,36.54,0.42,4.53,11.4,25.92,25.61,22.8,7.41,1.66,0.25,5138.39,38.04,1.21,0.96,0.34,0.37,0.46,0.93,0.77,0.66,0.61
2014,47,35.18,38.4,41.8,41.6,41.5,39.3,39.29,39.4,39.66,0.41,6.42,15.16,23.99,21.56,19.69,8.56,3.36,0.85,5917.45,40.64,1.32,0.69,0.35,0.34,0.37,0.59,0.51,0.51,0.53
2014,48,39.19,41.36,44.37,44.4,44.36,42.94,42.16,42.44,43.21,0.35,5.62,16.48,28.53,21.5,17.76,6.83,2.16,0.77,6087.27,43.73,2.39,0.88,0.3,0.48,0.64,0.76,1.21,1.86,0.43
2014,49,39.96,43.85,47.67,47.71,47.43,46.35,46.06,46.07,46.5,0.21,4.99,13.99,27.74,23.62,17.78,8.44,2.73,0.51,6125.92,47,2.89,1.25,0.49,0.33,0.44,0.6,0.87,0.77,0.47
2014,50,41.33,46.53,48.98,48.9,48.62,48.65,48.29,48.06,47.61,0.7,5.32,18.69,27.68,25.54,14.92,5.41,1.49,0.23,6511.81,48.58,3.35,1.45,0.76,0.71,0.67,0.56,0.89,1.07,1.5
2014,51,34.63,39.33,42.06,42.03,41.85,43.15,43.35,42.77,41.11,0.53,8.41,24.59,26.2,21.24,11.07,5.17,2.37,0.41,5633.83,41.94,6.1,2.36,2.02,1.59,0.87,1.21,1.47,1.32,0.69
2014,52,32.71,36.65,42.19,44.32,45.16,46.59,46.23,46.86,41.79,0.94,11.31,26.58,20.26,19.91,13.95,4.92,1.63,0.5,2142.91,43.39,2.82,1.58,2.07,0.75,1.16,0.71,0.91,1.79,6.52
2015,1,32.72,39.41,44.78,45.11,45.58,47.73,47.72,48.21,48.57,1.16,8.04,20.26,29.94,26.48,7.37,4.04,1.97,0.74,2618.93,44.95,1.38,0.82,0.53,0.84,1.35,0.43,0.47,1.92,1.54
2015,2,34.72,41.16,45.12,45.49,45.64,46.53,47.51,46.61,46.4,1.81,5.07,19.13,29.17,24.64,10.78,6.09,2.26,1.06,4946.74,45.31,1.19,0.45,0.78,0.54,0.68,1.06,0.85,1.1,1.64
2015,3,37.18,41.46,45.22,45.26,45.14,44.64,44.36,43.97,44.2,0.32,3.41,16.4,29.97,27.84,13.75,5.55,2.18,0.59,5111.1,44.89,3.84,0.71,0.49,0.6,0.65,0.61,0.69,0.62,0.77
2015,4,30.9,39.34,41.21,41.9,42.06,41.85,42,41.61,41.13,1.48,4.91,20.54,29.41,22.42,12.12,5.72,2.57,0.83,5694.74,41.49,2.73,1.09,1.18,0.82,0.66,1.04,0.67,0.72,1.53
2015,5,31.43,34.79,37.86,37.96,37.99,38.46,38.89,39.08,38.94,0.63,5.9,21.19,30.93,24.71,10.1,4.44,1.82,0.26,4367.31,37.83,1.27,0.52,0.68,0.59,0.51,1.05,1,0.48,0.63
2015,6,34.57,38.22,41.04,40.98,41.21,41.59,42.06,41.89,42.5,0.65,4.36,17.14,29.1,27.62,11.86,5.78,2.64,0.86,4147.68,41.06,1.75,0.57,0.63,0.51,0.68,0.71,0.77,0.69,0.9
2015,7,32.58,40.31,43.46,43.63,43.8,43.83,43.94,43.76,43.4,0.51,3.76,15.92,27.78,28.79,13.01,6.67,2.09,1.47,4436.39,43.52,1.79,0.46,0.48,0.51,0.82,0.88,1.05,0.93,1.98
2015,8,32.56,37.33,40.1,39.89,40.19,40.28,40.32,39.47,40.87,1.81,8.09,21.15,28.22,23.39,10.55,4.35,1.46,0.97,5339.31,39.73,3.39,2.17,1.09,0.9,1.18,1.07,1.48,2.74,2.21
2015,9,29.54,33.83,37.08,37.06,37.18,37.35,37.6,37.91,37.94,0.75,6.9,19.88,30.28,23.79,11.96,4.96,1.11,0.37,5550.82,36.89,1.72,0.71,0.74,0.5,0.54,0.4,0.87,0.61,1.33
2015,10,31.71,35.7,39.39,39.49,39.39,39.72,39.89,39.73,40.46,1.03,6.13,18.88,26.27,25.37,14.21,5.54,1.89,0.68,5571.9,39.2,0.31,0.57,0.79,0.54,0.53,0.63,0.7,1.17,0.72
2015,11,31.5,38.85,42.45,42.37,42.24,41.52,41.37,40.97,41.55,1.56,5.29,15.33,25.61,26,18.27,6.22,1.49,0.23,5522.01,41.75,1.56,0.71,0.36,0.42,0.43,0.49,0.5,0.66,0.86
2015,12,31.31,37.24,40.94,41.29,41.02,40.53,39.76,39.82,40.05,2.17,7.14,18.06,23.9,22.7,18.33,6.03,1.43,0.23,6242.95,40.4,1.14,1.36,0.82,0.66,0.76,0.68,1.05,0.93,1.67
2015,13,32.36,36.32,38.02,38.16,38.09,36.9,36.46,36.26,36.85,0.74,6.61,16.74,22.62,23.58,18.96,8.6,1.92,0.21,6371.6,37.53,1.91,1.37,0.31,0.27,0.4,0.2,0.27,0.37,0.38
2015,14,34.87,38.42,41.68,41.66,41.89,41.06,40.59,40.29,38.97,0.65,6.17,16.1,24.93,25.84,15.18,7.91,2.34,0.88,3119.5,41.25,0.75,0.7,0.42,0.31,0.35,0.45,0.43,0.93,1.43
2015,15,33.54,37.22,40.67,40.98,40.95,39.75,38.97,39.09,38.75,0.56,4.53,16.3,23.49,24.53,18.48,8.6,2.77,0.73,5895.29,40.24,1.25,0.48,0.63,0.48,0.44,0.58,0.95,1.3,1.85
2015,16,29.74,33.18,36.37,36.46,36.53,36.07,35.73,35.75,35.58,0.46,7.21,19.24,24.9,23.65,14.59,6.67,2.65,0.64,6186.52,36.06,1.95,0.9,0.89,1.03,0.99,0.8,0.53,2.1,2.75
2015,17,29.72,34.26,35.8,35.47,34.97,34.92,34.88,34.27,34.36,0.49,5.42,15.55,24.3,23.8,17.65,7.67,3.64,1.48,5105.85,35.1,1.58,1.19,0.76,0.93,1.19,1.01,0.82,1.56,1.67
2015,18,32.22,34.14,36.93,37.32,37.39,36.75,36.19,35.33,36.76,0.48,7.48,24.72,24.77,19.88,13.43,6.06,2.44,0.75,5230.41,36.78,1.68,0.71,1.13,0.8,0.71,0.79,0.68,1.04,0.71
2015,19,30.17,32.01,35.39,35.28,35.33,34.53,34.19,34.15,33.25,0.34,5.74,20.33,24.92,22.56,15.38,7.27,2.41,1.04,6191.14,34.86,0.64,0.49,0.26,0.46,0.55,0.47,0.61,0.95,1.38
2015,20,30.75,35.49,38.5,38.7,38.7,37.76,37.04,36.29,36.21,0.66,8.22,20.99,21.65,19.1,16.75,8.62,3.11,0.9,5349.29,37.94,1.34,0.42,0.27,0.2,0.23,0.33,0.38,0.62,0.95
2015,21,27.91,33.82,37.13,37.34,37.43,36.6,36.18,35.18,35.11,0.93,8.47,24,23.57,18.43,14.01,6.83,2.9,0.86,6715.73,36.65,1.81,0.44,0.5,0.24,0.27,0.21,0.36,1.02,1.53
2015,22,29.8,33.3,36.86,37.22,37.18,36.74,36.58,36.17,35.46,0.99,11.88,22.17,24.5,18.34,11.34,6.6,2.93,1.24,4678.55,36.44,3.61,0.43,0.16,0.26,0.41,0.57,0.53,0.45,0.93
2015,23,30.91,34.92,38.7,39.09,38.95,38.52,38.19,37.76,36.99,0.69,8.56,22.31,24.89,17.83,11.3,7.58,3.71,3.13,5604.14,38.32,1.45,0.24,0.46,0.52,0.49,0.7,0.94,0.64,0.9
2015,24,33.27,36.26,40.01,41.21,41.36,40.78,40.48,40.54,40.2,0.67,8.51,24.51,24.73,16.96,13.2,7.05,2.77,1.6,5770.51,40.32,1.95,0.6,0.67,0.59,0.51,0.53,0.99,1.08,1.59
2015,25,29.7,35.22,39.97,42.16,42.8,42.47,43.05,42.74,42.33,0.89,10.87,27.71,28.36,16.42,9.9,3.76,1.49,0.6,5377.15,40.87,2.37,0.87,0.55,0.35,0.66,1.36,1.28,1.29,1.52
2015,26,29.55,32.3,37.95,40.32,41.44,41.96,42.06,40.78,38.92,0.66,10.18,28.58,25.99,16.68,9.06,5.08,2.72,1.04,4945.75,39.17,0.61,1,0.72,0.35,0.5,0.99,1.7,2.36,2.32
2015,27,27.29,31.81,37.09,39.04,39.82,40.71,40.94,40.8,39.1,0.84,12.98,28,26.43,16.29,8.06,4.43,2.04,0.94,4802.3,37.84,1.14,0.4,0.56,0.57,0.73,0.94,1.5,0.87,1.26
2015,28,25.7,35.23,40.33,42.95,44.2,45.89,45.95,46.33,46.38,1.92,12.56,32.6,29.04,14.68,5.61,2.49,0.85,0.24,5263.92,41.25,2.18,0.6,0.52,0.51,0.51,1.55,1.18,1.06,1.06
2015,29,25.72,34.25,41.54,45.25,47.45,51.42,51.59,51.63,51.38,2.62,16.75,29.88,30.45,13.66,4.87,1.27,0.37,0.13,4965.08,42.5,2.4,0.95,0.72,0.62,0.84,1.03,0.65,0.58,0.81
2015,30,28.72,34.27,41.83,46.29,49.21,55.87,56.96,56.95,56.08,0.91,13.18,35.74,30.08,14.24,4.16,1.34,0.3,0.05,4858.4,43.95,3.27,0.45,1.11,1.12,1.34,1.72,1.49,1.22,1.41
2015,31,28.19,34.39,41.48,45.28,47.8,57.83,58.19,58.06,55.85,0.94,9.64,28.79,34.42,20.1,4.46,1.26,0.36,0.04,3983.06,44.25,1.44,0.55,0.88,0.9,1.13,2.45,2.16,2.56,2.69
2015,32,28.35,35.25,42.4,46.83,49.97,57.92,59.06,58.78,53.01,0.75,12.35,30.33,33.74,17.78,4.06,0.79,0.18,0.02,4342.92,45.05,1.71,0.5,0.56,0.56,0.74,1.94,0.77,1.2,5.65
2015,33,30.13,38.29,43.42,45.9,48.15,51.43,51.88,53.41,56.9,0.79,10.77,27.51,34.39,21.15,3.85,1.08,0.36,0.09,5101.41,45.07,1.73,0.86,0.99,1.39,1.32,5.55,8,6.6,0.93
2015,34,32.35,34.65,37.93,39.83,41.14,45.6,45.88,45.64,45.29,0.7,9.31,32.11,35.53,17.55,3.71,0.83,0.2,0.06,5100.04,39.2,3.89,0.74,1.18,0.97,0.6,3.17,2.27,1.81,0.1
2015,35,30.56,32.12,36.06,37.28,38.76,45.9,47.25,47.64,43.34,0.77,11.97,30.84,35.25,16.59,3.3,0.97,0.3,0.01,5583.95,36.89,2.41,0.68,0.51,0.3,1,2.43,2.31,3.08,6.25
2015,36,29.73,34.34,39.47,41.19,44.14,54.17,56.28,56.81,57.51,1.05,11.81,32.22,37.45,13.36,3.04,0.91,0.16,0.02,5234.97,40.66,1.1,0.87,0.54,0.69,0.75,1.92,1.57,1.34,0.64
2015,37,31.77,34.16,37.74,39.32,42.98,52.45,56.23,55.76,55.38,0.62,8.7,27.47,35.04,20.75,5.92,1.19,0.27,0.05,6074.56,40.18,2.82,1.15,0.8,0.49,0.79,4.29,1.28,2.62,3.09
2015,38,31.23,33.51,37.65,39.02,40.26,45.28,48.66,50.44,51.81,0.79,8.76,24.82,34,21.17,8,2.04,0.39,0.04,6827.79,39.14,2.22,0.5,0.51,0.55,0.75,1.94,2.23,2.51,0.76
2015,39,26.37,33.33,37.59,38.9,39.73,40.3,41.51,42.35,40.95,1.73,7.99,25.9,35.08,21.21,6.31,1.53,0.22,0.02,6831.81,38.21,1.21,0.56,0.55,0.33,0.5,0.64,1.47,1.08,1.46
2015,40,26.85,34.06,38.07,39.42,40.11,40.78,42.08,42.7,43.08,1.21,9.47,25.11,34.93,22.1,5.33,1.54,0.26,0.07,7080.46,38.7,2.09,0.66,0.31,0.41,0.54,0.75,0.73,0.17,0.93
2015,41,27.4,34.37,39.77,41.4,42.21,44.06,45.01,45.36,45.77,0.86,11.46,26.8,31.54,20.48,7.07,1.51,0.25,0.04,6267.61,40.46,2.79,1.06,0.74,0.61,0.66,0.94,1.19,0.89,0.75
2015,42,24.51,33.79,39.41,41.05,41.69,44.91,46.45,47.69,46.13,2.65,10.68,22.96,33.69,21.59,6.35,1.82,0.23,0.03,6132.55,39.96,3.12,1.41,0.28,0.54,0.68,1.37,1.81,0.99,1.7
2015,43,20.83,31.18,39.19,41.06,41.74,43.57,45.25,46.05,47.91,3.67,9.97,22.86,28.38,23.11,8.27,3.04,0.62,0.09,6748.99,39.43,2,1.52,0.64,0.7,0.82,0.89,0.98,1.16,1.09
2015,44,20.25,30.26,41.03,42.26,43.83,46.3,47.69,48.3,48.88,2.99,9.69,25.31,34.41,17.71,6.57,2.56,0.69,0.09,6345.21,40.86,3.67,2.25,1.08,0.78,0.36,1.47,0.62,0.92,1.11
2015,45,25.09,33.66,40.08,41.86,42.67,45.58,47.47,47.77,47.77,0.45,7.06,25.74,37.01,22.05,5.05,2.02,0.49,0.14,6164.88,41.27,1.96,2.11,0.41,0.46,0.66,0.69,0.53,0.86,0.57
2015,46,24.17,32.43,39.32,40.85,41.37,44.45,48.01,48.99,49.2,0.57,7.37,28.8,35.31,19.37,5.22,2.63,0.62,0.11,6171.72,40.23,4.29,1.17,0.49,0.44,0.36,1.03,0.97,0.92,1.51
2015,47,28.73,35.44,42.06,43.61,44.58,47.8,49.27,49.38,50.18,1.33,11.83,26.33,33.5,19.46,5.23,1.93,0.35,0.03,6503.86,42.58,1.07,1.34,0.81,0.49,0.51,0.99,1.22,1.04,0.57
2015,48,35.22,40.98,47.32,49.05,49.88,51.54,53.88,54.32,54.25,0.55,6.38,25.77,39.91,19.75,5.2,1.63,0.59,0.2,6136.67,48.43,0.82,1.35,0.53,0.35,0.4,0.99,1.54,2.02,1.51
2015,49,37.54,44.56,49.72,50.77,51.36,51.54,52.04,52.5,51.21,0.89,7.11,26.36,31.91,18.68,8.81,4.64,1.32,0.29,5971.79,50.2,2.28,1.39,0.84,0.6,0.75,1.2,1.05,0.96,1.43
2015,50,39.79,45.25,49.46,50.58,50.83,51.04,51.42,51.51,51.38,0.51,6.38,24.2,32.88,21.34,9.25,3.9,1.28,0.26,6999.85,50.06,1.98,1.6,1.11,0.68,0.49,0.83,0.75,0.57,0.82
2015,51,42,46.55,50.87,52,52.23,52.94,53.56,53.81,53.52,0.63,6.54,26.82,33.15,18.94,7.5,4.5,1.64,0.27,6313.02,51.5,2.91,0.58,1.07,0.55,0.46,0.73,0.87,0.71,1.28
2015,52,37.41,49.36,53.45,54.53,55.47,56.71,55.83,54.05,54.44,1.31,9.44,29.29,33.01,18,5.13,1.96,1.58,0.29,2542.05,53.8,2.04,0.75,0.28,0.48,0.46,0.99,1.62,0.92,0.24
2015,53,35.04,50.87,56.21,58.03,59.35,62.36,64.46,60.57,58.66,2.09,14.14,28.25,32.09,18.51,3.59,0.88,0.32,0.13,2722.08,56.49,4.26,0.68,1.28,1.04,1.26,2.36,2.19,2.5,1.16
2016,1,37.08,52.76,58.22,59.41,60.95,67.25,68.2,68.92,70,0.88,8.27,25.33,36.24,22.28,5.16,1.17,0.41,0.26,3704.98,59.28,3.41,1.51,1.29,1.42,1.61,1.9,1.32,1.14,1.18
2016,2,43.8,56.6,62.74,64.05,66.4,68.7,69.49,71.39,72.45,0.77,7.14,24.42,35.84,21.48,6.66,2.6,0.88,0.23,4026.83,64.09,3.86,2.16,0.84,0.91,1.25,3.73,6.73,4.78,4.17
2016,3,38.01,50.03,52.01,53.46,53.22,53.73,56.8,57.5,56.63,0.82,6.6,26.87,32.4,25.43,6.32,1.06,0.35,0.14,3957.91,52.72,4.04,2.53,1.62,1.5,2.1,3.28,3.51,1.96,1.98
2016,4,37.07,43.72,47.86,48.42,49.05,49.59,48.88,48.99,48.83,1.32,7.51,25.11,30.17,21.37,9.32,3.59,1.18,0.43,4841.62,48.05,1.33,1.39,0.87,0.62,0.86,1.04,1,0.9,1.91
2016,5,39.5,47.43,51.75,52.82,52.93,52.63,52.31,52.24,51.97,1.31,7.4,19.26,24.71,22.67,14.11,6.95,2.7,0.89,4319.26,51.98,3.72,1.32,0.47,0.6,0.84,0.57,0.77,0.69,0.88
2016,6,39.93,50.69,54.26,55.65,55.99,56.57,57.57,57.76,57.84,2.64,6.73,22.78,29.94,23.49,8.85,4.07,1.2,0.3,4099.76,54.86,3.84,1.31,0.71,0.62,0.46,0.89,0.96,1.19,1.91
2016,7,42.3,54.55,58.56,60.24,60.54,61.73,62.23,62.1,63.02,3.02,8.32,21.59,29.71,25.11,8.18,3.06,0.82,0.18,4065.24,59.14,4.92,1.29,0.85,0.69,0.54,0.9,0.78,0.74,0.79
2016,8,41.3,54.82,59.53,60.93,62.1,63.93,64.28,63.79,63.2,0.97,8.77,23.22,32.17,22.25,8.65,2.56,1.03,0.4,4767.21,60.52,2.46,0.38,0.76,0.95,0.56,0.86,0.82,0.69,0.58
2016,9,42.72,56.12,60.74,61.56,61.62,61.97,61.68,61.95,62.27,0.69,6.06,16.64,25.93,29.76,13.27,5.64,1.61,0.39,4540.76,61.05,2.82,1.26,0.36,0.4,0.5,1.23,1.53,1.33,1.51
2016,10,43.94,53.83,57.75,58.44,58.92,59.08,58.85,58.69,58.66,0.73,8.18,20.86,25.43,24,14.37,4.6,1.48,0.36,4410.23,58.04,4.22,1.42,0.38,0.39,0.45,0.82,1.21,1.29,1.43
2016,11,47.13,56.72,60.59,61.59,62.31,62.9,62.93,63.35,63.23,0.62,7.23,21.91,31.31,23.55,9.54,3.92,1.57,0.35,4493.17,61.31,4.36,0.96,0.65,0.49,0.31,0.67,0.97,1.03,1.48
2016,12,48.45,60.88,66.55,68.35,69.28,70.73,71.23,72.97,72.57,0.93,8.99,18.98,29.53,25.4,10.19,4.71,0.94,0.33,1988.85,67.82,6.38,2.32,0.29,0.81,1.17,1.93,2.26,2.51,3.55
2016,13,46.9,58.52,65.51,67.02,67.39,68.48,67.78,67.17,66.77,1.04,7.48,18.76,28.75,26.68,10.5,5.09,1.35,0.35,3540.27,66.19,6.1,2.17,0.79,0.53,0.43,1.87,2.99,3.83,4.67
2016,14,43.44,53.93,61.58,63.38,64.12,65.12,64.71,64.6,65.24,1.71,10.49,22.13,26.29,22.88,9.37,4.84,1.78,0.51,4451.98,62.08,1.86,1.6,0.81,0.89,0.64,0.73,1.09,1.21,1.29
2016,15,39.43,49.13,56.59,57.85,58.52,58.94,59.35,58.99,59.49,1.65,9.32,21.6,26.21,22.98,11.72,4.84,1.41,0.27,4311.2,56.83,3.82,0.84,0.37,0.43,0.56,0.63,1.17,1.18,1.59
2016,16,41.58,49.57,57.57,59.26,59.64,59.54,59.73,60.38,59.39,1.13,7.85,17.47,25.81,24.35,14.29,7.13,1.6,0.37,3708.44,58.19,2.36,1.28,0.59,0.89,0.69,1,1.18,1.64,3.13
2016,17,41.2,49.46,56.4,58.23,58.28,59.36,59.25,57.89,57.73,1.44,9.55,22.02,28.63,20.96,9.08,5.35,2.26,0.73,4656.99,56.9,2.73,2.1,2.39,1.98,1.66,0.53,0.43,0.94,1.09
2016,18,41.64,53.82,59.91,61.49,61.99,61.78,61.41,61.26,61.38,1.04,7.01,17.24,23.54,23.28,15.13,8.15,3.53,1.08,3562.1,60.62,2.59,1.13,0.69,0.75,0.55,0.87,0.76,0.74,1.02
2016,19,45.26,62.81,66.44,67.69,68.02,69.31,68.92,68.39,70.61,1.65,10.93,22.96,22.51,19.56,12.08,6.89,2.75,0.69,5102.06,66.88,6.35,2.09,1.07,0.99,1.45,1.95,2.13,2.2,3.77
2016,20,45.34,60.53,68.76,70.7,71.6,71.49,71.45,71.31,63.86,1.11,9.58,19.13,24.89,22.75,11.77,6.04,3.09,1.64,4192.67,69.32,6.22,3.44,3.42,2.6,3.09,3.98,3.14,1.55,4.11
2016,21,43.92,52.93,58.83,60.42,60.79,60.42,60.51,60.28,57.74,1.02,8.28,20.05,23.69,20.99,13.55,8.51,3,0.91,5174.96,59.37,2.65,0.79,0.75,0.65,0.85,0.75,1.86,2.09,2.59
2016,22,44.14,54.94,59.7,60.85,61.6,61.52,61.25,61.19,61,0.9,7.82,19.55,25.31,19.6,12.87,8.61,4.1,1.23,4342.06,60.3,2.68,1.06,0.74,0.52,0.87,0.81,0.81,0.8,0.9
2016,23,49.97,63.24,69.38,70.88,71.83,72.81,73.3,72.89,73.33,1.21,10.55,23.15,21.35,14.54,13.75,8.6,4.77,2.07,2312.51,70.23,4.27,1.43,1.06,1.18,1.39,1.29,0.77,1.06,1.12
2016,24,48.93,66.09,73.95,76.66,78.23,79.73,79.57,79.29,76.34,1.03,13.69,28.91,25.54,16.31,6.79,4.27,2.04,1.41,3531.57,74.78,6.53,1.36,0.63,0.61,0.66,0.88,1.12,1.5,3.17
2016,25,42.73,61.04,70.21,73.13,75.37,78.4,78,77.29,74.44,1.4,11.71,28.97,30.66,14.61,6.22,3.47,1.61,1.36,3560.02,71.35,5.49,1.69,1.83,1.23,0.86,0.7,0.59,1.2,3.21
2016,26,43.84,59.28,67.83,69.82,72.65,76.67,76.09,75.95,75.35,2.03,16.92,30.53,25.3,13.01,5.95,3.81,1.74,0.72,3015.42,68.06,3.89,0.94,0.71,1.01,1.27,1.39,1.31,0.95,1.2
2016,27,46.84,66.36,75.04,79.35,84.75,90.56,91.37,91.95,92.72,3.84,17.3,36.03,25,10.56,3.9,2.02,1.04,0.32,2825.05,75.73,1.85,1.48,1.85,1.2,2.01,2.46,2.65,2.3,2.63
2016,28,46.18,65.29,74.23,78.42,84.91,91.85,93.15,93.66,95.15,5.66,16.42,29.38,26.55,15.42,4.03,2,0.42,0.12,3704.56,75.13,1.59,1.42,1.47,3.2,2.86,4.62,3.07,4.08,2.29
2016,29,44.26,58.47,65.45,68.34,72.94,76.95,77.34,78.9,80.05,0.97,15.9,26.84,29.32,18.1,5.17,2.93,0.67,0.1,4115.85,67.38,3.62,0.81,0.99,1.34,1.94,7.41,9.92,9.09,10.31
2016,30,43.74,53.99,58.95,60.71,63.15,73.01,74.46,76.59,76.17,0.79,9.87,27.52,29.46,23.49,6.34,2,0.37,0.16,4051.32,61.14,3.69,0.86,0.7,1.01,1.15,2.23,2.6,2.96,1.69
2016,31,39.83,51.97,56.8,58.62,61.99,74.83,76.09,76.11,75.14,1.78,13.69,36.55,30.78,14.41,2.08,0.54,0.14,0.03,4231.21,57.65,1.64,0.65,0.82,0.6,1.3,2.8,2.42,0.94,0.76
2016,32,39.95,52.42,57.35,59.94,64.34,76.91,76.82,76.31,78.28,3.37,11.13,24.75,33.4,19.42,5.13,2.06,0.63,0.12,4023.36,59.99,0.84,0.84,0.86,0.53,1.4,2.06,3,2.97,1.35
2016,33,44.34,51.44,56.21,58.74,63.24,72.49,73.86,72.58,73.84,0.89,10.29,25.33,34.85,20.14,4.27,2.57,1.29,0.36,4143.51,59.34,1.34,0.73,0.97,0.98,1.08,1.99,3.5,3.51,2.66
2016,34,41.09,50.06,54.15,56.44,61.42,74.78,75.13,76.15,76.39,0.41,7.67,28.26,37.09,19.66,4.38,1.94,0.39,0.21,4115.24,57.5,2.26,0.46,0.57,0.67,0.64,2.15,0.99,2.06,0.21
2016,35,43,50.24,55.06,56.77,61.24,71.14,73.62,75.8,79.61,1.83,10.34,26.29,36.71,19.23,3.98,1.32,0.23,0.06,3973.62,57.1,0.73,0.65,0.7,0.66,1.2,3.03,0.86,1.95,1.78
2016,36,45.62,49.36,53.71,55.51,57.67,63.6,66.64,67.78,73.59,1.24,9.42,28.92,33.23,18.9,6.3,1.6,0.32,0.05,5173.04,55.43,5.4,0.52,0.19,0.48,0.8,2.99,1.82,2.16,3.79
2016,37,40.41,45.96,51.07,52.71,54.02,58.43,61.25,61.81,63.35,0.86,10.01,27.13,32.9,21.52,5.53,1.58,0.38,0.08,5316.5,52.26,1.63,0.6,0.95,0.47,0.55,1.38,1.22,0.93,0.32
2016,38,37.4,46.77,51.73,53.52,55.58,60.95,63.03,62.77,64.12,1.05,12.77,26.71,34.21,18.41,4.45,1.85,0.47,0.08,5370.46,52.95,2.5,1.3,1.14,0.46,0.43,0.87,1.34,0.5,1.19
2016,39,39.87,47.79,53.77,55.17,57.62,66.87,70.51,70.9,69.94,1.69,15.83,24.89,34.95,17.28,3.74,1.29,0.29,0.05,5417.95,54.51,0.76,0.66,1.19,0.95,0.7,2.96,2.22,0.8,0.73
2016,40,40.92,50.37,57.64,61.47,64.71,71.65,76.86,78.31,77.22,2.51,24.56,23.02,23.53,19.06,4.89,1.89,0.48,0.06,5001.83,58.84,1.18,0.78,1.44,1.23,1.43,2.87,1.72,1.21,1.79
2016,41,43.77,53.9,61.06,63.68,66.28,73.47,77.3,76.24,80.23,1.18,14.94,25.46,33.48,18.64,4.15,1.68,0.41,0.06,5115.29,62.5,1.08,0.84,0.59,0.9,0.61,2.39,1.12,1.86,0.54
2016,42,43.25,55.13,62.87,65.42,67.52,70.28,73.7,76.67,76.47,1.97,21.26,19.71,27.4,21.08,5.43,2.34,0.71,0.1,4226.4,63.28,2.07,0.64,0.66,0.63,0.68,3.01,1.9,1.2,3.03
2016,43,46.37,56.78,64.09,66.62,68.37,71.82,74.07,74.97,74.58,1.85,19.13,25.99,27.68,19.19,4.15,1.52,0.39,0.09,5140.21,64.41,2.74,0.85,0.98,0.93,1.08,0.78,1.61,1.26,1.62
2016,44,45.57,56.92,62.83,63.9,66.02,70.43,73.03,74.63,76.64,0.98,13.51,23.25,35.89,21.12,3.49,1.12,0.41,0.22,4419,63.38,3.13,0.69,1.03,0.65,1.04,1.46,1.61,1.13,0.61
2016,45,44.38,55.98,60.49,62.03,64.01,69.93,71.26,71.45,72.43,0.42,6.25,23.79,39.3,22.6,4.41,2.16,0.75,0.33,4837.05,62.31,3.18,0.9,0.6,0.81,0.74,0.89,0.46,0.61,0.54
2016,46,46.7,60.83,65.87,67.17,68.68,72.67,73.43,73.31,76.24,0.93,8.54,25.02,36.33,21.11,4.63,2.09,1,0.35,4723.38,66.91,3.85,1.57,1.5,0.85,0.7,1.81,1.02,1.88,0.44
2016,47,49.34,59.59,63.84,65.27,66.09,68.01,67.03,66.8,67.29,0.48,7.91,23.98,34.03,21.91,6.2,3.49,1.42,0.59,5191.96,64.85,0.86,0.98,0.71,0.62,0.79,1.49,1.31,1.21,1.85
2016,48,52.03,61.01,65.58,66.72,67.38,68.25,67.87,68.13,68.93,0.25,10.03,23.05,31.61,19.72,8.25,4.4,2.06,0.62,4859.71,66.2,2.42,0.56,0.58,0.6,0.53,0.94,0.93,1.11,3
2016,49,53.42,62.61,68.12,69.9,71.28,73.55,74.34,75.22,76.2,0.57,9.94,25.07,35.14,20.15,6.33,2.04,0.6,0.16,5178.09,69.28,1.45,0.93,0.99,0.72,0.76,0.47,1.69,1.61,0.61
2016,50,51.41,66.65,73.45,75.67,77.72,80.74,81.7,83.73,83.13,4.77,15.17,25.79,31.21,17.43,3.63,1.43,0.49,0.09,4102.91,73.25,1.82,1.22,1.31,1.01,0.87,2.25,1.6,1.31,0.45
2016,51,54.31,67.66,76.92,80.39,82.79,89.01,90.46,90.16,86.13,2.17,13.34,23.01,29.73,21.79,6.5,2.79,0.54,0.12,3085.15,78.75,3.35,1.6,1.21,0.92,1.64,1.74,3.43,3.46,2.8
2016,52,54.97,66.37,76.06,79.68,82.25,89.7,92.4,93.05,89.89,1.03,10.08,18.91,32.27,27.49,6.91,2.12,0.94,0.26,1994.49,79.22,3.45,1.07,1.44,1.54,1.09,1.9,3.31,4.37,3.46
2017,1,53.28,67.79,76.88,80.65,83.09,85.46,88.8,94.75,93.53,3.11,8.98,15.07,34.64,27.11,8.04,2.31,0.67,0.07,2278,79.42,3.23,1.8,0.27,0.76,0.88,2.97,3.78,3.96,4.2
2017,2,49.43,64.01,73.88,76.14,78.69,81.04,83.41,84.96,87.06,8.02,12.49,21.36,24.9,20.67,8.82,2.93,0.68,0.11,2907.62,73.24,2.09,1.6,0.7,0.86,1.41,1.55,0.77,1.54,3.4
2017,3,49.87,64.6,73.35,74.58,76.01,77.51,79.81,81.24,80.35,2.96,9.34,31.05,29.02,19.53,5.74,1.76,0.52,0.08,3282.17,73.11,2.43,1.7,0.85,1.32,1.86,3.39,2.82,3.49,4.25
2017,4,50.69,65.62,70.73,71.28,72.19,69.98,73.87,75.63,75.23,2.75,4.3,23.28,32.24,22.97,9.86,3.43,1.01,0.14,3491.59,70.56,1.94,0.95,0.4,0.77,1.43,3.53,3.33,3.26,5.59
2017,5,50.59,62.24,65.39,66.13,66.37,65.88,65.82,66.36,67.3,2.85,5.91,20.04,33.91,24.01,9.43,2.96,0.77,0.12,3759.98,65.34,0.93,0.81,0.33,0.32,0.32,0.66,0.81,0.76,1.76
2017,6,50.24,61.79,64.71,65.59,65.55,65.42,65.71,66.09,65.29,6.51,11.33,18.27,31.25,22.64,7.06,2.35,0.5,0.07,3722.65,63.99,1.36,0.5,0.46,0.41,0.59,0.69,0.94,0.82,1.18
2017,7,49.89,60.17,64.15,64.99,65.1,64.9,65.11,64.95,65.88,4.51,11.59,21.24,29.78,22.95,6.72,2.35,0.69,0.16,3829.28,63.6,2.12,0.96,0.41,0.31,0.44,0.63,0.5,0.61,2.13
2017,8,49.74,59.4,63.02,63.4,63.5,63.04,62.6,61.72,61.08,4.74,8.49,20.29,32.98,22.48,7.21,2.62,0.73,0.46,4083.01,62.29,2.29,0.83,0.5,1.07,1.05,0.74,0.79,2.13,1.82
2017,9,49.6,55.01,58.6,59.4,59.3,57.79,57.28,57.02,55.23,1.41,6.3,19.36,26.64,27,11.66,5.88,1.44,0.3,3800.16,58.44,1.83,1.86,0.58,0.47,0.33,1.55,1.67,2.54,3.36
2017,10,48.14,53.39,58.34,58.29,58.24,57.84,57.42,56.91,57.19,4.12,7.38,19.43,26.06,23.23,10.31,5.98,2.73,0.76,3521.16,57.36,0.51,1.06,0.99,0.84,0.69,0.43,0.46,0.43,0.65
2017,11,51.53,59.18,63.3,63.41,63.45,62.48,62.04,61.59,60.86,0.84,7.72,18.7,26.76,24.51,11.14,6.88,2.77,0.68,3651.71,62.71,2.35,1.43,0.23,0.73,0.54,0.59,1.04,1.22,1.31
2017,12,54.09,59.49,64.11,64.32,64.27,63.13,62.47,62.15,60.92,0.35,6.5,18.68,30.23,25.4,11.06,4.5,2.48,0.81,4231.54,63.62,2.86,0.95,0.43,0.44,0.53,0.66,1.17,1.31,2.97
2017,13,51.8,58.97,63.81,63.7,63.5,62.48,62.12,61.59,60.91,0.61,8.2,21.82,30.88,21.34,8.79,5.14,2.35,0.85,4414.81,62.96,3.03,1.49,0.59,0.44,0.35,0.21,0.46,0.31,1.89
2017,14,56.03,59.35,62.76,62.86,62.82,62.33,61.77,62.16,62.21,0.22,6.59,24.08,32.52,23.88,7.9,3.63,0.8,0.39,5359.78,62.49,3.92,2.04,0.6,0.49,0.49,0.42,0.67,0.69,1.03
2017,15,51.66,60.09,65.37,64.69,64.77,65.66,65.88,65.82,65.32,0.76,9.09,23,32.26,23.64,7.21,2.52,1.1,0.43,2623.8,64.46,2.96,1.28,1.03,1.6,1.68,1.15,0.84,1.1,1.76
2017,16,52.55,60.31,65.44,65.52,65.81,65.07,64.3,64.92,62.53,0.38,5.18,15.18,27.32,25.08,14.42,7.89,3.01,1.53,4164.8,65.03,4.76,2.14,0.59,0.66,0.72,1.14,1.22,1.86,2.2
2017,17,52.53,58.96,63.02,63.14,62.93,62.63,62.15,62.61,63.27,0.16,4.09,16.4,31.2,27.34,12.9,5.66,1.89,0.34,5491.57,62.74,2.48,1.79,0.52,0.83,1.02,1.01,1.2,1.38,1.15
2017,18,52.98,61.77,66.92,66.64,66.74,66.95,67,67.5,68.27,2.26,8.69,21.9,27.27,25.56,8.71,3.38,1.37,0.85,3838.85,66.06,1.21,1.19,0.89,1.36,1.39,1.6,1.81,1.39,0.64
2017,19,55.03,65.35,71.99,72.81,73.16,74,74.72,74.99,75.42,5.45,10.25,18.03,26.87,25.25,10.11,2.7,1.06,0.27,4319.55,71.22,1.14,1.3,0.54,0.62,0.77,0.79,1.27,1.83,1.16
2017,20,57.88,67.48,73.96,75.11,75.82,75.92,76.03,76.25,76,0.52,11.21,21.22,26.83,23.19,10.69,4.1,1.82,0.42,3273.19,74.24,1.81,1.01,0.56,0.73,1.05,1.45,1.76,2.54,3.34
2017,21,53.71,66.43,71.93,75.06,76.29,75.77,74.67,76.44,75.94,3.9,19.56,21.05,24.74,17.41,8.45,3.28,1.12,0.47,3993.63,72.16,4.22,2.82,3.72,2.4,1.21,2.7,2.21,3.14,6.44
2017,22,49.54,59.27,66.45,67.85,68.29,69.1,69.64,69.18,69.13,3.24,20,21.41,22.71,20.03,7.91,3.48,0.9,0.31,3952.82,65.51,0.8,1.13,1.81,1.41,0.7,0.98,0.74,0.77,0.7
2017,23,54.74,63.51,71.9,72.01,72.53,72.53,70.89,71.53,70.71,0.94,8.52,19.05,31.32,20.81,11.03,6.02,1.54,0.77,3135.2,71.18,1.8,1.47,1.24,1.2,1.07,1.36,2.04,2.24,2.64
2017,24,52.48,61.98,68.45,69.05,69.11,68.56,68.52,67.9,68.66,1.46,9.51,15.53,25.42,23.34,13.25,7.3,3.06,1.14,3814.79,67.92,1.69,2,0.92,0.72,0.88,1.41,1.49,2.22,2.81
2017,25,50.53,63.37,70.19,71.51,72.09,71.97,71.04,71,68.36,4.22,14.11,20.61,25.4,19.42,9.58,4.3,1.66,0.7,4015.92,69.31,2.25,0.62,0.68,0.69,0.85,1.14,1.84,2.32,4.52
2017,26,50.43,61.29,69.43,71.09,72.02,72.86,72.85,73.18,73.58,1.58,14.32,20.75,27.55,22.17,8.5,3.62,1.13,0.38,4208.25,69.47,2.29,2.52,1.48,1.11,1.18,1.41,1.39,0.97,0.87
2017,27,49.68,55.55,64.07,65.37,66.7,69.09,69.3,69.66,67.8,1.74,12.72,22.56,28.49,23.18,7.25,2.92,0.89,0.25,5081.19,64.29,0.85,1.56,1.19,1.06,1.44,1.26,1.71,1.22,2.18
2017,28,41,51.79,61.81,64.23,65.93,69.97,70.07,69.47,69.39,3.08,18.57,19.41,26.86,23.44,5.62,2.42,0.51,0.09,3586.9,61.63,2.42,1.67,1.38,1.05,0.83,0.78,0.7,0.61,2.96
2017,29,44.37,54.84,62.91,65.16,67.15,71.25,71.64,71.78,71.37,1.5,8.76,23.52,29.18,26.22,7.14,3.08,0.52,0.07,3432.02,64.61,1.47,1.38,1.31,0.82,0.68,0.52,1.08,0.95,2.07
2017,30,43.66,51.31,58.83,60.45,62.21,69.53,70.41,72.05,69.6,0.39,7.42,25.04,34.29,25.65,5.18,1.57,0.37,0.08,4536.74,60.43,3.99,1.27,0.69,0.81,0.87,1.01,0.88,1.6,0.85
2017,31,44.23,50.55,56.74,58.44,60.31,67.04,68.49,69.55,68.83,0.83,10.31,23.01,33.6,23.41,6.1,2.12,0.48,0.13,4960.93,58.36,1.29,0.63,0.75,0.83,0.79,2.26,2.14,1.7,2.65
2017,32,42.81,49.03,54.52,56.45,58.3,63.22,65.31,65.89,63.8,0.44,7.41,20.37,36.51,25.88,5.95,2.31,0.91,0.22,5089.14,56.64,1.42,0.85,0.56,0.58,0.52,3.29,3.47,2.5,3.44
2017,33,41.83,47.46,51.41,52.83,54.18,60.34,61.74,62.7,63.39,1.98,9.49,29.86,31.62,20.99,4.07,1.16,0.62,0.2,5071.66,52.46,1.77,0.92,0.6,0.97,1.13,1.73,2.14,3.39,1.8
2017,34,43.22,47.44,52.2,53.81,56.38,61.93,62.91,64.66,66.55,1.09,11.43,23.81,36.93,20.53,3.84,1.79,0.47,0.11,4810.5,53.65,0.51,0.97,0.53,0.71,0.72,2.02,3.05,3.28,4.78
2017,35,41.56,45.01,49.52,51.4,54.08,63.7,65.84,67.13,67.31,0.45,11.7,24.25,32.78,23.7,4.92,1.71,0.38,0.12,4824.36,51.72,1.5,0.61,0.44,0.33,0.87,1.61,1.98,1.36,2.67
2017,36,41.37,45.36,50.12,52.58,55.68,64.07,65.97,67.36,66.59,1.61,7.48,23.78,35.37,23.72,5.17,2.16,0.57,0.14,5222.84,53,1.34,1.11,0.53,0.49,1.21,1.85,2.04,1.81,1.43
2017,37,42.81,43.72,48.78,50.38,52.83,64.56,67.55,69.52,70.51,2.32,8.56,24.61,37.9,20.1,4.82,1.32,0.32,0.06,5877.57,50.72,0.41,0.48,0.64,0.59,0.76,0.85,1.88,2.28,2.15
2017,38,42.12,44.76,50.07,51.6,53.31,63.77,66.35,68.56,69.17,0.7,6.44,18.2,36.73,27.72,7.28,2.02,0.69,0.21,4572.64,52.63,2.21,0.61,0.68,0.46,0.71,1.75,1.37,0.9,0.37
2017,39,43.77,48.46,53.3,54.38,56.02,59.62,61.75,63.2,62.64,0.86,5.58,14.27,38.31,27.67,9.21,3.06,0.84,0.21,6577.13,55.06,1.29,0.39,0.53,0.96,1.01,1.82,2,1.45,1.33
2017,40,42.03,49.33,53.96,55,56.45,56.92,57.77,61.09,60.99,1.12,6.43,15.83,37.47,27.08,9.33,2.25,0.42,0.07,5260.68,54.99,2.35,0.85,0.54,0.34,0.77,1.1,1.47,1.87,1.01
2017,41,41.51,45.77,50.79,52.04,52.6,55.83,56.77,58.79,57.73,2.32,11.09,24.12,32.98,22.26,5.52,1.39,0.29,0.04,5511.02,51.22,0.88,0.63,0.98,1.04,0.84,1.06,0.86,1.19,2.1
2017,42,39.62,44.75,51.02,52.88,54.39,58.72,60.46,63.71,65.7,0.92,9.94,21.26,30.95,24.45,9.54,2.46,0.38,0.1,5267.35,52.72,1.51,0.95,0.66,0.77,0.92,1.09,1.17,3.21,1.84
2017,43,40.39,43.39,48.84,50.31,50.61,52.13,56.12,60.41,61.01,1.17,7.9,16.84,34.15,26.56,8.4,3.8,0.84,0.35,5955.76,49.97,1.07,1.35,0.9,0.92,1.11,2.8,2.54,2.35,2.73
2017,44,38.79,40.3,44.6,45.09,44.96,45.59,46.28,47.41,46.7,1.22,7.67,16.01,32.06,29.46,9.51,3.1,0.83,0.15,6271.35,44.64,1.63,1.46,0.63,0.72,0.99,0.81,1.59,1.77,1
2017,45,40.32,42.51,46.14,46.87,46.89,47.13,47.02,47.38,48.85,0.76,4.68,16.36,27.77,31.68,11.03,5.36,2.06,0.3,4331.26,46.56,0.98,1.28,0.82,0.96,0.54,1.28,1.29,1.3,0.73
2017,46,39.99,46.97,51.98,52.17,52.14,50.88,49.97,50.95,49.89,0.74,7.59,16.43,25.05,25.09,16.51,6.52,1.65,0.43,5312.33,51.26,2.67,1.77,1.02,0.94,0.97,1.28,2.22,2.32,2.54
2017,47,38.78,40.49,45.66,45.72,45.26,44.64,44.73,45.06,45.41,0.82,6.46,18.48,29.05,27.01,11.28,5.16,1.58,0.16,6058.27,45.01,3.69,1.59,0.94,0.88,0.72,0.81,1.67,1.2,1.86
2017,48,35.18,39.11,44.5,44.93,45.36,45.03,44.83,44.94,45.21,3.12,11.99,24.58,24.87,17.06,10.9,5.58,1.72,0.18,5577.89,43.9,0.69,0.93,0.74,0.71,0.94,1.49,1.03,0.97,1.17
2017,49,38.56,44,49.75,51.33,51.77,51.47,51.53,51.77,52.63,1.09,9.36,22.65,26.37,21.66,11.12,5.25,2.09,0.41,5769.58,50.28,1.8,1.96,0.98,0.46,0.63,0.83,1.14,1.46,1.8
2017,50,40.4,43.74,48.96,50.6,51.62,52.05,51.72,51.43,50.98,1.04,9.66,28.17,28.63,19.13,7.98,3.72,1.42,0.26,6240.69,49.74,0.52,0.73,0.88,0.88,0.98,1.92,1.57,1.98,2.09
2017,51,35.29,42.36,48.38,50.65,52.47,54.09,54.51,54.68,52.58,1.32,9.97,27.45,26.25,19.37,9.85,4.25,1.34,0.19,4514.61,49.91,3.12,2.24,1.38,1.7,1.53,2.18,2.37,2.92,3.78
2017,52,37.58,43.13,52.08,54.54,55.75,60.3,61.75,61.58,64.07,3.41,17.06,24.75,26.48,17.33,7.01,2.88,0.89,0.18,2495.59,52.31,2.44,2.5,1.31,1.93,3.45,2.96,3.27,3.19,1.28
2018,1,39.34,46.7,54.25,56.11,58,61.42,62.71,62.95,61.3,1.59,9.4,25.66,31.66,19.39,7.48,3.46,1.07,0.28,3775.87,55.56,1.9,2.23,0.57,0.54,0.99,1.49,1.68,1.39,1.96
2018,2,40.42,46.04,52.89,54.61,55.39,56.89,56.94,55.55,52.98,1.12,6.36,22.64,32.49,23.03,9.02,3.49,1.42,0.44,4337.59,53.99,2.28,1.16,1.1,0.86,0.77,1.74,2.36,2.26,2.91
2018,3,40.9,45.11,51.93,53.18,53.81,56.14,55.94,55.96,55.63,2.12,7.84,21.34,29.66,24.45,8.84,3.8,1.57,0.38,3887.45,52.59,1.24,0.89,1.07,0.89,1,1.78,1.46,1.45,1.44
2018,4,39.12,46.84,53.96,55.12,56.44,58.44,57.62,57.54,57.23,2.05,6.8,20.91,32.03,23.13,8.69,4.21,1.63,0.54,4297.32,54.74,1.36,1.3,0.73,0.46,0.48,1.46,1.28,0.56,2.64
2018,5,41.26,45.5,51.55,53.39,55.1,56.66,56.4,57.06,58.35,0.49,5.9,23.57,33.34,21.1,10.36,3.7,1.14,0.41,4036.74,53.3,1.18,1.81,1.2,0.98,0.98,0.69,1.03,1.27,1.41
2018,6,36.95,43.42,49.63,51.9,53.91,55.67,56.59,57.98,57.61,0.69,9.21,24.83,31.56,21.31,9.11,2.57,0.55,0.16,3787.74,51.39,2.8,1.35,1.44,0.72,0.62,1.86,0.93,1.31,2.59
2018,7,39.1,45.21,52.67,54.62,56.26,57.98,58.6,58.71,59.7,1.57,10.3,15.47,31.31,23.31,11.51,4.73,1.43,0.36,3792.19,54.14,2.03,2.39,0.67,1.02,1.24,0.71,0.42,0.5,0.49
2018,8,47.05,52.19,60.06,61.59,63.32,63.04,62.99,63.36,63.81,0.43,6.74,20.17,32,20.5,11.33,5.49,2.48,0.87,4158,61.24,1.35,2.16,1.26,0.79,0.96,0.93,1.03,1.09,0.67
2018,9,48.96,57.37,65.55,67.38,68.45,68.37,67.94,67.46,64.37,0.95,8.65,18.59,26.36,22.68,14.03,5.79,2.08,0.88,3095.48,66.39,1.03,2,0.89,0.61,1.21,0.93,1.2,2.97,4.51
2018,10,51.63,62.99,70.2,71.85,72.13,69.97,69.1,68.32,66.65,1.55,8,20.86,24.24,20.94,12.39,6.95,3.92,1.16,3419.31,69.92,2.21,1.1,1.24,0.85,1.05,1.12,1.02,1.25,2.3
2018,11,50.54,62.48,68.94,70.59,70.73,68.86,67.85,66.88,66.85,0.34,5.84,17.05,27.78,22.74,13.58,7.32,3.73,1.61,4177.54,69.16,2.65,2.38,2.21,1.37,2.52,2.1,1.98,1.61,1.57
2018,12,51.25,59.75,66.74,66.67,66.72,66.19,65.71,65.61,63.41,1.01,9.61,19.6,26.07,23.38,11.67,5.21,2.47,0.98,4082.67,65.71,1.81,2.68,1.88,1.45,1.71,2.19,1.43,1.07,4.11
2018,13,56.19,69.27,77.37,77.85,77.77,76.52,76.03,76.57,75.15,1,5.49,14.95,27.44,27.33,14.69,6.37,1.95,0.79,2276.88,76.71,3.26,2.35,1.11,0.61,0.61,1.34,1.56,3.68,5.18
2018,14,57.54,68.48,75.53,75.65,76.21,75.3,73.86,73.7,73.52,1.14,4.96,20.71,28.89,23.5,12.77,4.78,2.53,0.71,3123.82,75,3.07,1.77,0.98,0.73,1.2,1.28,1.46,1.79,2.25
2018,15,53.06,61.07,69.41,70.36,70.71,69.83,69.55,69.21,67.66,1.09,8.45,21.83,29.82,21.41,9.47,5.03,2.16,0.74,3801.14,69.12,2.87,2.38,0.82,0.52,1.02,1.11,0.96,1.93,1.66
2018,16,52.56,59.08,68.33,69.4,69.75,68.29,68.28,67.48,66.91,0.69,9.97,21.13,26.27,21.29,13.05,4.59,2.49,0.51,3720.79,67.85,2.9,2.18,0.81,0.72,0.68,1.32,0.61,1.27,2.62
2018,17,50.88,59.6,68.35,69.05,69.22,68.82,68.4,68.11,67.89,1.42,7.39,20.06,26.12,21.3,14.37,6.46,2.15,0.72,4115.27,67.89,1.16,2.04,0.72,0.64,0.68,0.74,0.68,0.51,1.23
2018,18,51.1,66.53,74.91,75.69,76.1,76.27,75.95,75.2,75.17,1.1,9.33,19.84,26.54,21.95,12.62,5.51,2.29,0.83,3950.97,74.57,3.58,1.89,1.47,1.12,0.85,0.75,1.26,1.21,2.61
2018,19,59.87,69.18,79.59,81,81.84,81.48,81.27,80.57,79.9,0.55,7.9,19.83,27.92,22.52,12.24,5.46,2.77,0.82,3791.07,79.91,3.49,2.06,1.13,0.93,1.03,1.1,1.32,1.33,1.7